{
    "fields": [
        {
            "...": "./_basic-input-fields.json#/fields"
        },
        {
            "component": "text",
            "name": "enum",
            "label": "Options (Data Value)",
            "valueType": "string",
            "multi": true,
            "required": true
        },
        {
            "component": "text",
            "name": "enumNames",
            "label": "Options (Display Value)",
            "valueType": "string",
            "multi": true
        },
        {
            "component": "text",
            "name": "default",
            "label": "Default option",
            "valueType": "string"
        }
    ]
}
