{
    "definitions": [
        {
            "title": "Checkbox",
            "id": "checkbox",
            "plugins": {
                "xwalk": {
                    "page": {
                        "resourceType": "core/fd/components/form/checkbox/v1/checkbox",
                        "template": {
                            "jcr:title": "Checkbox",
                            "fieldType": "checkbox",
                            "checkedValue": "on",
                            "enabled": true,
                            "visible": true
                        }
                    }
                }
            }
        }
    ],
    "models": [
        {
            "id": "checkbox",
            "fields": [
                {
                    "component": "container",
                    "name": "basic",
                    "label": "Basic",
                    "collapsible": false,
                    "fields": [
                        {
                            "...": "../form-common/_basic-input-fields.json#/fields"
                        },
                        {
                            "component": "select",
                            "label": "Data type of submitted value",
                            "name": "type",
                            "valueType": "string",
                            "options": [
                                {
                                    "name": "String",
                                    "value": "string"
                                },
                                {
                                    "name": "Boolean",
                                    "value": "boolean"
                                },
                                {
                                    "name": "Number",
                                    "value": "number"
                                }
                            ]
                        },
                        {
                            "component": "text",
                            "name": "checkedValue",
                            "label": "When Checked, return value",
                            "valueType": "string"
                        },
                        {
                            "component": "boolean",
                            "name": "enableUncheckedValue",
                            "label": "Preserve Uncheck state value.",
                            "valueType": "boolean"
                        },
                        {
                            "component": "text",
                            "name": "default",
                            "label": "Default Value",
                            "valueType": "string"
                        }
                    ]
                },
                {
                    "...": "../form-common/_help-container.json"
                },
                {
                    "component": "container",
                    "name": "validation",
                    "label": "Validation",
                    "collapsible": true,
                    "...": "../form-common/_basic-validation-fields.json"
                }
            ]
        }
    ]
}
