{
    "definitions": [
        {
            "title": "Checkbox group",
            "id": "checkbox-group",
            "plugins": {
                "xwalk": {
                    "page": {
                        "resourceType": "core/fd/components/form/checkboxgroup/v1/checkboxgroup",
                        "template": {
                            "jcr:title": "Checkbox Group",
                            "fieldType": "checkbox-group",
                            "enum": [
                                "0",
                                "1"
                            ],
                            "enumNames": [
                                "Item 1",
                                "Item 2"
                            ],
                            "visible": true,
                            "enabled": true,
                            "orientation": "horizontal",
                            "type": "number[]"
                        }
                    }
                }
            }
        }
    ],
    "models": [
        {
            "id": "checkbox-group",
            "fields": [
                {
                    "component": "container",
                    "name": "basic",
                    "label": "Basic",
                    "collapsible": false,
                    "fields": [
                        {
                            "...": "../form-common/_basic-select-fields.json#/fields"
                        },
                        {
                            "component": "select",
                            "name": "variant",
                            "label": "Variant",
                            "options": [
                                {
                                    "name": "Default",
                                    "value": "default"
                                },
                                {
                                    "name": "Cards",
                                    "value": "cards"
                                }
                            ],
                            "value": "default"
                        },
                        {
                            "component": "select",
                            "label": "Data type of submitted value",
                            "name": "type",
                            "valueType": "string",
                            "value": "string[]",
                            "options": [
                                {
                                    "name": "String",
                                    "value": "string[]"
                                },
                                {
                                    "name": "Boolean",
                                    "value": "boolean[]"
                                },
                                {
                                    "name": "Number",
                                    "value": "number[]"
                                }
                            ]
                        },
                        {
                            "component": "radio-group",
                            "label": "Display Options",
                            "name": "orientation",
                            "valueType": "string",
                            "value": "horizontal",
                            "options": [
                                {
                                    "name": "Horizontally",
                                    "value": "horizontal"
                                },
                                {
                                    "name": "Vertically",
                                    "value": "vertical"
                                }
                            ]
                        }
                    ]
                },
                {
                    "...": "../form-common/_help-container.json"
                },
                {
                    "component": "container",
                    "name": "validation",
                    "label": "Validation",
                    "collapsible": true,
                    "...": "../form-common/_basic-validation-fields.json"
                }
            ]
        }
    ]
}
