{
    "definitions": [
        {
            "title": "Date Picker",
            "id": "date-input",
            "plugins": {
                "xwalk": {
                    "page": {
                        "resourceType": "core/fd/components/form/datepicker/v1/datepicker",
                        "template": {
                            "jcr:title": "Date Input",
                            "fieldType": "date-input",
                            "enabled": true,
                            "visible": true
                        }
                    }
                }
            }
        }
    ],
    "models": [
        {
            "id": "date-input",
            "fields": [
                {
                    "component": "container",
                    "name": "basic",
                    "label": "Basic",
                    "collapsible": false,
                    "...": "../form-common/_basic-input-placeholder-fields.json"
                },
                {
                    "...": "../form-common/_help-container.json"
                },
                {
                    "component": "container",
                    "name": "validation",
                    "label": "Validation",
                    "collapsible": true,
                    "...": "../form-common/_date-validation-fields.json"
                },
                {
                    "component": "container",
                    "name": "formats",
                    "label": "Formats",
                    "collapsible": true,
                    "fields": [
                        {
                            "component": "select",
                            "label": "Display Format",
                            "name": "displayFormat",
                            "valueType": "string",
                            "options": [
                                {
                                    "name": "No Pattern",
                                    "value": ""
                                },
                                {
                                    "name": "01 April, 2007",
                                    "value": "d MMMM, y"
                                },
                                {
                                    "name": "April 01, 2007",
                                    "value": "MMMM d, y"
                                },
                                {
                                    "name": "Sunday, 01 April, 2007",
                                    "value": "EEEE, d MMMM, y"
                                },
                                {
                                    "name": "Sunday, April 01, 2007",
                                    "value": "EEEE, MMMM d, y"
                                },
                                {
                                    "name": "1/4/2007",
                                    "value": "d/M/y"
                                }
                            ]
                        }
                    ]
                }
            ]
        }
    ]
}