{
    "definitions": [
        {
            "title": "File Attachment",
            "id": "file-input",
            "plugins": {
                "xwalk": {
                    "page": {
                        "resourceType": "core/fd/components/form/fileinput/v2/fileinput",
                        "template": {
                            "jcr:title": "File Attachment",
                            "fieldType": "file-input",
                            "accept": [
                                "audio/*",
                                "video/*",
                                "image/*",
                                "text/*",
                                "application/pdf"
                            ],
                            "buttonText": "Attach",
                            "type": "file",
                            "enabled": true,
                            "visible": true
                        }
                    }
                }
            }
        }
    ],
    "models": [
        {
            "id": "file-input",
            "fields": [
                {
                    "component": "container",
                    "name": "basic",
                    "label": "Basic",
                    "collapsible": false,
                    "...": "../form-common/_basic-input-fields.json"
                },
                {
                    "...": "../form-common/_help-container.json"
                },
                {
                    "component": "container",
                    "name": "validation",
                    "label": "Validation",
                    "collapsible": true,
                    "fields": [
                        {
                            "...": "../form-common/_basic-validation-fields.json#/fields"
                        },
                        {
                            "component": "number",
                            "name": "maxFileSize",
                            "label": "Maximum file size (MB)",
                            "valueType": "string"
                        },
                        {
                            "component": "text",
                            "name": "maxFileSizeMessage",
                            "label": "Maximum file size error message",
                            "valueType": "string"
                        },
                        {
                            "component": "text",
                            "name": "accept",
                            "label": "Allowed file types",
                            "valueType": "string",
                            "multi": true
                        },
                        {
                            "component": "text",
                            "name": "acceptMessage",
                            "label": "File type error message",
                            "valueType": "string"
                        }
                    ]
                }
            ]
        }
    ]
}