{
    "definitions": [
        {
            "title": "Form Fragment",
            "id": "form-fragment",
            "plugins": {
                "xwalk": {
                    "page": {
                        "resourceType": "core/fd/components/form/fragment/v1/fragment",
                        "template": {
                            "jcr:title": "Fragment",
                            "fieldType": "panel",
                            "enabled": true,
                            "visible": true
                        }
                    }
                }
            }
        }
    ],
    "models": [
        {
            "id": "form-fragment",
            "fields": [
                {
                    "component": "container",
                    "name": "basic",
                    "label": "Basic",
                    "collapsible": false,
                    "fields": [
                        {
                            "...": "../form-common/_basic-input-fields.json#/fields"
                        },
                        {
                            "component": "aem-content",
                            "name": "fragmentPath",
                            "label": "Fragment reference",
                            "valueType": "string"
                        }
                    ]
                },
                {
                    "component": "container",
                    "name": "repeat",
                    "label": "Repeat Fragment",
                    "collapsible": true,
                    "fields": [
                        {
                            "component": "boolean",
                            "name": "repeatable",
                            "label": "Make fragment repeatable",
                            "valueType": "boolean"
                        },
                        {
                            "component": "number",
                            "name": "minOccur",
                            "label": "Minimum repetitions",
                            "valueType": "number",
                            "description": "Minimum number of times the fragment appears on the form"
                        },
                        {
                            "component": "number",
                            "name": "maxOccur",
                            "label": "Maximum repetitions",
                            "valueType": "number",
                            "description": "Maximum number of times the fragment can appear on the form"
                        }
                    ]
                },
                {
                    "...": "../form-common/_help-container.json"
                }
            ]
        }
    ]
}