{
    "definitions": [
        {
            "title": "Number Input",
            "id": "number-input",
            "plugins": {
                "xwalk": {
                    "page": {
                        "resourceType": "core/fd/components/form/numberinput/v1/numberinput",
                        "template": {
                            "jcr:title": "Number Input",
                            "fieldType": "number-input",
                            "enabled": true,
                            "visible": true
                        }
                    }
                }
            }
        }
    ],
    "models": [
        {
            "id": "number-input",
            "fields": [
                {
                    "component": "container",
                    "name": "basic",
                    "label": "Basic",
                    "collapsible": false,
                    "fields": [
                        {
                            "...": "../form-common/_basic-input-placeholder-fields.json#/fields"
                        },
                        {
                            "component": "select",
                            "name": "type",
                            "label": "Number type",
                            "valueType": "string",
                            "options": [
                                {
                                    "name": "Integer (1234)",
                                    "value": "integer"
                                },
                                {
                                    "name": "Decimal (1234.000)",
                                    "value": "number"
                                }
                            ]
                        }
                    ]
                },
                {
                    "...": "../form-common/_help-container.json"
                },
                {
                    "component": "container",
                    "name": "validation",
                    "label": "Validation",
                    "collapsible": true,
                    "...": "../form-common/_number-validation-fields.json"
                },
                {
                    "component": "container",
                    "name": "formats",
                    "label": "Formats",
                    "collapsible": true,
                    "fields": [
                        {
                            "component": "select",
                            "label": "Display Format",
                            "name": "displayFormat",
                            "valueType": "string",
                            "options": [
                                {
                                    "name": "No Pattern",
                                    "value": ""
                                },
                                {
                                    "name": "$1,234.21",
                                    "value": "¤#,##0.00"
                                },
                                {
                                    "name": "$1234.21",
                                    "value": "()¤####0.00"
                                },
                                {
                                    "name": "1,234.210",
                                    "value": "#,###,##0.000"
                                },
                                {
                                    "name": "123,421%",
                                    "value": "#,###,##0%"
                                }
                            ]
                        }
                    ]
                }
            ]
        }
    ]
}
