{
  "definitions": [
    {
      "title": "Telephone input",
      "id": "telephone-input",
      "plugins": {
        "xwalk": {
          "page": {
            "resourceType": "core/fd/components/form/telephoneinput/v1/telephoneinput",
            "template": {
              "jcr:title": "Telephone Input",
              "fieldType": "text-input",
              "enabled": true,
              "visible": true
            }
          }
        }
      }
    }
  ],
  "models": [
    {
      "id": "telephone-input",
      "fields": [
        {
          "component": "container",
          "name": "basic",
          "label": "Basic",
          "collapsible": false,
          "...": "../form-common/_basic-input-placeholder-fields.json"
        },
        {
          "...": "../form-common/_help-container.json"
        },
        {
          "component": "container",
          "name": "validation",
          "label": "Validation",
          "collapsible": true,
          "...": "../form-common/_number-validation-fields.json"
        }
      ]
    }
  ]
}