{
    "definitions": [
        {
            "title": "Text Input",
            "id": "text-input",
            "plugins": {
                "xwalk": {
                    "page": {
                        "resourceType": "core/fd/components/form/textinput/v1/textinput",
                        "template": {
                            "jcr:title": "Text Input",
                            "fieldType": "text-input",
                            "enabled": true,
                            "visible": true
                        }
                    }
                }
            }
        }
    ],
    "models": [
        {
            "id": "text-input",
            "fields": [
                {
                    "component": "container",
                    "name": "basic",
                    "label": "Basic",
                    "collapsible": false,
                    "fields": [
                        {
                            "...": "../form-common/_basic-input-placeholder-fields.json#/fields"
                        },
                        {
                            "component": "boolean",
                            "name": "multiLine",
                            "label": "Allow multiple lines",
                            "valueType": "boolean"
                        }
                    ]
                },
                {
                    "...": "../form-common/_help-container.json"
                },
                {
                    "component": "container",
                    "name": "validation",
                    "label": "Validation",
                    "collapsible": true,
                    "...": "../form-common/_string-validation-fields.json"
                }
            ]
        }
    ]
}